existence,tweet
2,immigration reform climate change tale two issue senate
1,issue global warming possible climate change issue global warming
1,irony deficient wapoon faithfrets climate change newsbustersorg via
2,overheard carol browner assistant president energy climate change mentioned
0,global warming fairy tale dick chaney n't drive suv 200000 year ago maybe
0,climatechange fanatic corrupted science michael barone gopusa
1,grape wrath much trouble change mean agriculture
1,state birds* repo show climate change impact wetland g hu via
1,fun game next time someone say much global warming push snowdrift run away
1,volcanic ash cloud global warming may trigger volcano climate change could spark more'hazardous '
2,new federal office global warming jennifer haberkorn washington time
0,idea care safety silly global warming massey energy 29 dead miner
1,krugman make case cap trade climate change building green economy nytimescom
0,wait 's idea 's natural climate change human induced global warming
2,mediated discourse climate change focus political subjectivity dis engagement
2,ecology based theologyglobal warming unclear god 's word isnt caring creation commanded stewardship
2,alexia park global warming hea
0,demand believe islam religion peace also demand believe anthropagenic global warming
2,robin hood tax home tiny tax finacial transaction tackle povey climate change h via
2,msnbc 's ratigan blamessnowpocalypseon global warming
1,top un environment official defends conclusion landmark climate change repo un news centre 6 february 201
0,saying n't gore wo n't give global warming gig still think invented internet
2,cnsnewscom onethird american believe climate change caused via
1,oh humanity global warming destroying los angeles change
1,romanticism undone invasive specie global warming taking toll plant thoreau 's walden pond
1,tell toyota coo put brake climate change & u coc digg q
0,time investigate socialist democrat political manipulation global warming data fine jail time follow
1,u document call global regime tackle climate change
2,commonsense & wonder global warming needed
0,global warming prolly real new york big scam dc
2,environmental economics note environmentalist pa ii climate change bill supposed unveil
0,got 14 inch snow thus far panther valley 30 min poconosmuch come yetas global warming & gt hum bug
1,shore drilling threatens wildlife contributes climate change urge obama expand drilling
0,great global warming collapse via
1,global warming killing california 's wine buzz dr kimberley cahill presented climate change califor
0,global warming activist snowmageddon result warming+moisture asked snow king syracuse ny snow reply uh
0,30 inch snow dc winter everywhere global warming yet myth persists
1,photo dare someone tell u climate change n't real
0,nearly 37 degree hot oh global warming im bath sweat ewww
0,soon patented haarp globalwarming conspiracy staed plus saw navy talking paper
0,blankenship call effos mine safety regulationas silly global warming
2,mistake found climate change repo
0,one stop book stop confirmed global warming issettled scam wndcom sussman 's book mybookstopinfo
1,feeling heat come climate change humanitarian news via
1,repo cleaner air could actually intensify global warming much world marked eah day past week environmental
2,internet dating screaming climate change clinical trial collagen clinique clip clothes clot
1,pb going green new york examining new yorkers confronting climate change check local listing
1,greencement made rice may help tackle global warming london april 13 ani increasing rise
1,man love global warming
2,omniclimate unbearable nakedness climate change via
2,noaa blizzard rearranges climate change announcement
0,voice fraud global warming tim michael case tracy since early 1970s public school syste
2,global warming rajendra pachauri order asbestos fire
0,oh well go global warming theory lol
1,dhs fossil fuel climate change arenational threat vladimir 's blog redstate includes great chas
2,lawmaker say removed panel global warming bill concern democratic member assembly
2,gawker logic repo lindsey graham 's climate change bill flipflop polidicks
0,group people would displeased winter global warming activist
2,rb face climate change protest business guardiancouk via
1,whale poo save world global warming save whale 'll save say australian scientist
2,paul rogat loebsoul citizen ' jesus climate change journey evangelical leader rich cizik
0,oops rfk jr 15 month ago global warming mean snow cold dc
2,anothen global warming result
2,weekend meeting discus china greece maybe global warming greg robb marketwatch washington marketwatch
1,nigeria climate change renewable energy master plan gov
0,coal ceo call mine safety rulesas silly global warming
1,invasive news climate change aid invasive plant upicom upicomclimate change aid invasive plantsupicomou
0,one stop book stop confirmed global warming issettled scam wndcom sussman 's book mybookstopinfo
1,looking great medium material human impact change check climate witness story
0,agree lawmaker climate change ruse control population
2,sec clinton admitted u funding change may additional said 's congress skip 5400
1,love frog 's leap seriously climate change mean wine industry via
2,john fugelsang climate change coal go shopping gun advocate rallied week suppo rig
0,blankenship called safety regulator silly global warming
2,climate top coal exec testify global warming panel
1,china key fixing global warming rapid expansion come sizable environmental impact world 's
1,global climate yes still warming climate scientist
1,ac enlisting drug discovery technique battle global warming
1,forest growing faster ecologist discover climate change appears driving accelerated growth
0,truly fat as gore get scam aist award decade global warming energy credit woh close billion
0,global warming cause eahquakes suuuuure
0,hey hey know get 's goat lol either lake level truth global warming hahaha
1,n't believe evolution denies climate change think africa 's country palin president
0,finally proof global warming co2 emission hoax familysecuritymattersorg
1,ask pablo impact volcano iceland climate change
0,climate change fraud global warming ethanol ddt
1,maybe 's ironic byproduct global warming new southern snowbelt
0,new hero gov christie cut $ 65 million nj 's global warming fund
2,hide declineglobal warming video creator say mann backlash effo tocleanupclimategate indiscretion
0,global warming baloney according expes nasa difference weather climate measure
2,u climate change negotiating plan revealed
0,green factdid know skeptic advocate agree global warming since 1995 change
2,science scientist explore evolution climate change
1,global warming next chapter
2,issue 2 wire climate change available free online
2,1pm foxnewscomgene koprowski seek expes increased federal spending global warming research
0,30 inch snow dc winter everywhere global warming yet myth persists
2,people world grand rapid mich opponent climate change legislation typically argue regulating globa
1,hedge climate change read post look weather product
1,climate change transforming arctic environment faster expected & accelerating disappearance sea ice
0,via rfk jr 15 month ago global warming mean snow cold dc via
0,junk science repoed fact stupid think time mag global warming make blizzard worse
1,need switch renewable energy climate scientist long warned u global warming accelerating
1,oven dial light switch carbon lockin abrupt climate change
2,global warming rajendra pachauri order asbestos fire
1,doubting global warming snow vancouver warmest winter record 's called trend line
0,target bullshit even better climate change hoax & gore climate change bullshit
2,un climate change body blasted greenpeace
2,global warming fanatic clash environmentalist redstate fuher proving consistent point global w
0,global warming established reality credible news source world debunking esp uk
1,excellent take even environmental economics limit climate change policy option
2,spring storm season staing little late year must global warming
2,global warming james cameron genocidal maniac john nolte either james cameron genocidal maniac
0,lisa p jackson epa ignorant black woman besides michelle obama seen long time global warming debunked stupidho
1,global warming make allergy worse 25 million american hitting asthma hardest wwf climatewire
0,great global warming collapse
1,dont kill bill save climate change accountability act
2,legislative steamrolling kathryn jean lopez april 26 bloomberg immigration climatechange legisl
1,harsh winter caused climate change
1,climate change watch india air pollution control
0,annnndwe snow annnnd snow snow even snow must global warming
1,climate change making sneeze ecosexy solution nettle root tincture baby
2,palin norcalglobal warmingsnake oil science ' former alaska gov sarah palin called study suppoing
0,global warming farce
1,global warming may make cricket bat history london cricket facing bizarre threat following european unio
2,foe california 's global warming law pour money campaign delay
0,despite climategate left investing heavily global warming hysteria new way 2 impose nat ' l & international control human freedom
2,graham 's exit talk put climate change bill limbo climatechange bill scheduled unveile
2,news corp aim go carbon neutral end year fox news claim climate change hoax
2,rb face climate change protest business guardiancouk via
2,un agrees host two round climate change talk summit mexico
1,maple syrup snow pack global warming happening stop global warming
0,made number false data east coast buried snow reason keep pushing global warming control money
0,new federal agency study global warming stop already
2,u climate change bill stall senate
0,snow blamed global warming mean global cooling mean oh know 's bull anyway
2,india pull un climate change body form
2,climate feb 8 u defense review serious climate change climate science fire burning bios
1,uk lead way schumacher college mobilising democracy tackle climate change
1,coda automotive lauded innovation technology effos combat climate change air pollution
2,legislative steamrolling kathryn jean lopez april 26 bloomberg immigration climatechange legisl
0,annnndwe snow annnnd snow snow even snow must global warming
1,weather event attributed exclusively climate change heavier precipitation consistent w climate scientiststheories
1,richard branson 's message 2 biz get ur house orderfight global warming http
0,hey hey know get 's goat lol either lake level truth global warming hahaha
2,global warming hoax find answer question think global warming hoax would anyone
1,blamessnowpocalypseon global warming
0,calling al gore dc need global warming please respond asap
2,climate change legislation agenda via
2,new federal climate change agency forming dc
2,uncajoe plz medium done global warming debate
2,global warming science noaa climate service obamas answer ipcc
2,climate change legislation dead 2010
1,wishing cochabamba people 's world conference climate change right mother eah
0,would like thank ruining bihday plan global warming need
1,global warming make tree grow faster
1,global warming governor heas rather wallet new jersey gov chris christie wised
2,climate change myth truth
2,communicating climate change kate sheppard politics beat
0,great pic weather caused global warming alarmist hell yes
1,environment climate change something simple reminding computer user power workin
0,time attack soft underbelly unsubstantiated global warming alarmism
0,wsj global warming alarmist discredited would n't know rhetoric eah day
1,volcano could mean cooling acid rain climate change msnbccom via
2,usa climate change policy update april 12 2010
1,take action help protect wildlife habitat climate change 27
0,global warming established reality credible news source world debunking esp uk
1,glacial melt global warming could unplug volcano eahweek diary planet eruption glacial vol
2,spain offers45 million un climate change adaptation fund oxfam via
1,take action help protect wildlife habitat climate change
2,change sec weighs
2,legislative steamrolling kathryn jean lopez april 26 bloomberg immigration climatechange legisl
2,true epa le susceptible congress lobbyist rush block epa action climate change
1,protip think snow cold rain negates global warming n't post show little know topic
0,global warming going dc office hope 're nice toastyoh wait scam thnx
0,global warmingreally control december 2009 141 scientist sent letter united nation
2,itz cold _ { could put body together n sta global warming }
0,bogus global warming consensus fading fast margaret wente toronto 's globe mail explains w
2,uploaded youtube video maximsnewsnetwork energy & climate change un 's ban kimoon untv
2,water war climate change thehea bolivia
1,global warming kill united nation
2,immigration reform climate change tale two issue senate
0,real science algore 's climate changesciencehacks manmade global warming hoax gore=palin
1,sometimes hard predict outcome climate change revolution v would exciting
2,ur tweet causing global warming lol
2,foe california 's global warming law pour money campaign delay
2,labour policy environment climate change energy policy labour 's environment energy climate change p
0,diigo climatechange fanatic corrupted science michael barone rcp
2,paul rogat loebsoul citizenexcerptfrom drunken pay girl climate change activist
2,legislative steamrolling kathryn jean lopez april 26 bloomberg immigration climatechange legisl
1,dc snowstorm global warming make blizzard worse
1,budburst volunteer needed look ten wanted plant ass clue climate change
2,survey gauge opinion global warming dan reiland uweau claire student displayed poster monday afternoon
1,varanasi hold fire ritual prevent global warming girish dubey varanasi feb6 large number
0,global warming rebecca terrell newamericancom
0,put end stupid global warming crap ask perves explain time ice age george dick driving suv 's suppose
1,ol news ocean reveal fuher impact climate change
2,good infoeasy read ir pro read sec climate change disclosure release guidance
0,soon patented haarp globalwarming conspiracy staed plus saw navy talking paper
2,usa climate change policy update april 12 2010
2,initiative campaign suspend global warming law ab32 repos $ 973k raised $ 500k oil comp valero
1,take action help protect wildlife habitat climate change 9
2,30 major league baseball team throw curve climate change denier cleantechnica
0,'s global warming another one phrase eliminated purposely used mislead
2,2 tory mp sign edm accepting climate change via
1,tonight 730 discus climate change woman child family & community
1,cynthia bateman meatwise monday animal agriculture make global warming worse
2,simple tip shopping grooved tungsten ring online climate change clinical trial collagen c
2,diplomacy sec clinton admitted u funding change may additional
2,obama id hire gore climate change p
1,video know human changing climate climate change clear present danger
0,mcewan take global warming solar nan talesedoubleday 287 page $ 2695 ian mcewan
2,omniclimate unbearable nakedness climate change via
0,okay back buz complaining snowuntil tuesday another 6 inch come notice talk global warming lately
0,tweet climate change massive fraud lie stuff 's funnier actually truthful
1,africa time bomb awaiting africa doubt climate change environmental issue ha
2,solar activity climate change
0,climate change loser bad better dumb buyer
1,check cost climate change
0,strange obama try kick sta congress snow maybe bipaisanship cure global warming
1,eah institute 's james hansen warns global warming new bookstorms grandchild
1,global warming killing california 's wine buzz dr kimberley cahill presented climate change califor
2,church climate change yuval levin president bush created faithbased office white h
0,yid lid ipcc 's latest climate change blundeo boldly go stupidity gone via
0,government run climatechange global warming sky falling get grip tree hugging wacko
1,change make farmer & pastoralists increasingly vulnerable
1,dr jeff master great blog storm & global warming
2,administration proposes new agency study climate change
1,30 major league baseball team throw curve climate change denier
1,shape global approach climate change davos le denmark one month copenhagen co
2,instapundit blog archive twelve inch global warming twelve inch global warming sound like p
2,global warming hysteria india threatens leave ipcc
0,climate change fraud global warming catastrophe surplus people pretending know th
1,climate change affect subterranean ecosystem change ground higher concentration carbon
0,global warming real cold small collection editorial caoons amusement
1,daily ko ecojustice system change climate change & violence right elected
0,give egore 's climate groupie time2 come hair brained excuse ing man made global warming snow
1,aware consume waste & treat place 1 & see global warming effect
1,take climate change seriously & business hold responsible impact learn
0,bogus global warming consensus fading fast
2,senator prepare compromise climate change bill
2,think global warming find answer question answer question think
2,12 % american worried global warming epa make case climate change
1,fight climate change front 5
2,climate bill give polluter nuclear break washington reuters u climate change bill expected
0,al gore arrested global warming scam much al take $ $ $ $ $ $ $ $ $ $ forget snow ball hit shovel
1,p global warming solution innovation climate change hand
2,watch pocahontas star interviewed climate change conference bolivia
2,rim winning risk managersminds climate change
1,human abuse result another horror story like global warmingand ever stop u think
0,man wish thing global warming
1,celebrate eah day signing declaration energy independence show senate demand action climate change
0,well lisa look like 'll shoveling four foot global warming tomorrow homer simpson
0,climate change scam curb global population utah legislator say fact check hjr12 point 1 proposed
0,studied eah science undergrad & grad student proven science fact open debate like global warming
2,ditch cardio rapid fat loss screaming climate change clinical trial collagen clinique clip ar
0,plz & sean hannity snow storm contradict climate change
0,fox ca n't make stuff senate hearing global warming cancelled due 2 weather ai n't warm weather either lem tell u
1,much trouble global warming mean agriculture ask wine industry
0,lie could seriouly believe global warming
2,u senator prepare compromise climate change bill doa
1,climate denial crock week 's cold 's climate change washington
2,betting climate change corporation stand make lose billion planet really warming ask
0,lie could seriouly believe global warming
0,believe global warming international conspiracy perpetrated ge order sell air conditioner
1,predicting future climate change via 4000 year old sediment via
1,home subject change picture
0,winter likely put dagger hea global warming cause rightwing republican put together
2,klein a5050chance senate pass climate change bill year
0,ipcc 's latest climate change blundeo boldly go stupidity gone
2,f obama administration proposes new climate service examine repo global warming decide new agency deliver relia
1,omg bill o'reilly fucking debate climate change real 's manmade aslkdgldkhag odskjhyagpo
1,global warming make blizzard worse scintilla respect leftisttimemagazineyou
1,fighting povey global warming africa marc gunther 04212010 2210 0 comment 0 view rarely
2,get ex back screaming climate change clinical trial collagen clinique clip cloth
1,military lead fight climate change pew washington reuters u military government 's large
1,j & k governor warns danger climate change dnaindiacom via
1,global warming study say arctic ice melt cost global economy $ 24 trillion
1,climate change continues melt glacier national park 's icon national p via
0,climate change weather 's difference
0,video fuel climate change skeptic
2,one hot topic k12 web site global warming gail junionmetz school library journal 512010
1,overview green car revolution going green increasing awareness threat global warming
0,global warming fairy tale dick chaney n't drive suv 200000 year ago maybe
2,industry insider michaelangelo l'acqua global warming michaelangelo l'acqua first entered high stake
2,uncajoe plz medium done global warming debate
0,idea care safety silly global warming massey energy 29 dead miner
2,tuesday open thread climate change edition big government via
2,paul rogat loebsoul citizenexcerptfrom drunken pay girl climate change activist
1,hey wow new federal climate change agency announced
2,watch pocahontas star interviewed climate change conference bolivia
0,oh well go global warming theory lol
2,un agrees host two round climate change talk summit mexico
0,mcewan take global warming solar nan talesedoubleday 287 page $ 2695 ian mcewan
0,yeah 's like global warming real anything one justify something fake
2,senate global warming hearing cancelled
2,tale 2 issue immigration reform getting traction climate change senate
1,ocean reveal fuher impact climate change increasing acidity world 's ocean acidity
1,change make farmer & pastoralists increasingly vulnerable
1,hate global warming
2,brilliant tip valentine 's day screaming climate change clinical trial collagen clinique clip
0,new hannity snow stormscontradict gore 's global warming theory
1,china active serious tackling climate change say vice president humani via
0,co2 projection global warming false projection prediction co2 concentration
2,betting climate change corporation stand make lose billion planet really warming ask
1,way stop global warming fundamental way could stop global warming
1,icecovered volcano may answer climate change question eruption mountain iceland 's eyjafjallajo
1,climate change forest absorbing carbon say activist
1,good news co2 may cause even global warming originally thought
2,james j mccahy phd 's time president obama set record straight climate change recent
1,economist say climate change bad economy
1,finally read krugman 's climate change building green economy nytimescom definitely wohwhile
1,take action help protect wildlife habitat climate change 34
2,pm 's stand copenhagen snub un climate change secretariat india time india via
2,nohrop bob grumman mcdonnell believe global warming david swanson author page 1 1 pa
0,oh well go global warming theory lol
0,well lisa look like 'll shoveling four foot global warming tomorrow homer simpson
0,calling al gore dc need global warming please respond asap
1,filmmaker travel globe find people fighting climate change
1,key fixing global warming china magazine 's late november 2009 u energy secretary steven chu
2,msnbc 's ratigan blamessnowpocalypseon global warming
1,climate change blog california academy science via
1,global warming totally messing weather pattern world causing violent weather storm worldwide huful
0,think agree prius disaster prof global warming n't exist
1,government repo say global warming may cause cancer mental illness cnsnewscom
2,green scientist search climate change clue studying aftermath volcano plane ban
0,youtube thomas sowell global warming manufactured intellectual commentator
0,senate global warming meeting hold record snow fall yes disproves global warmingif ur illiterate
1,coalition tired waiting fighting climate change ground level
2,lawmaker spar $ 43m epa 's climate change program sen
2,environment minister jairam ramesh say india suppos pachauri remaining chair intergovt climate change panel despite himalayan blunder
1,namibia govt get active climate change
0,global warming alarmist discredited would n't know rhetoric eah day
0,nice reasonable challenge global warming hype
2,tom switzer australia 's changing climatechange climate
0,2nd someone call al gore ask make turn global warming back
1,climate change & volcanic activity ice cap thaw may awaken icelandic volcano
0,rated youtube video 5 5 star snobama dc 's 2010 snow blast obama ipcc & global warming
0,'m feeling global warming 'm sore digging 2 foot snow
2,graham 's exit put climate change bill limbo
2,un climate change body blasted greenpeace
0,hey al gore could sprinkle global warming fairy dust car tonight 're supposed get 1014 inch snow morning
2,senate global warming hearing cancelled
0,global warming real cold small collection editorial caoons amusement
0,climate change exists summer fall winter & spring
1,impact climate change extend human health
2,great global warming collapse
0,oh snow time overreact make incomprehensible global warming joke
2,uploaded youtube video maximsnewsnetwork energy & climate change un 's ban kimoon untv
1,climate change increase heat wave flood washington reuters death heat wave propey damage
1,epa issue repo u climate change indicator warming measurable effect across ecosystem
2,ditch cardio rapid fat loss screaming climate change clinical trial collagen clinique clip ar
1,u government find pika risk climate change u government p
2,new federal climate change agency forming national ocean service
1,crop production global warming melting away doc
2,evo morale open climate change conference tiquipaya via
1,review yesterday 's discussion science mobilize fight climate change rebekah mintzer
2,get ex back screaming climate change clinical trial collagen clinique clip cloth
2,npr 's science friday global warming
2,podcastunrest thailand iran 's nuclear summit dc climate change conference sasc debate ballistic missile defense
0,climate change fraud global warming balancing quote saying oxburgh
2,eah day talk cuny 3pm + 630pm illuminating science climate change aists + scientist speaking
1,17 moral authority takeaway geoeng lot risk runaway climate change
1,someone please explain conservative climate change area get colder weather pattern shift
1,astronaught post beautiful pic maldives space island set sink due impact change
2,gov christie cut nj 's globalwarming fund gov chris christie taking $ 65 million entire allocation fro
2,exxon falsified climate change data
1,blog preliminary analysis suggests natural gas could contribute far global warming previously
2,expensive provision governor 's global warming task force remain new substitute amendment
2,noon foxnewscomgene koprowski seek expes audit ipcc climatechange repo
0,'re one 10 thousand without power blizzard voted global warming dipshit 'm glad 're fd
0,jake whitney hoax climate change hoax climate changeskepticshave singing victory song
1,epa make case climate change green blog nytimescom change
2,immigration reform climate change tale two issue senate
2,choice wont change world one might
1,global warming great threat climate change serious urgent growing president ob
0,hey hey know get 's goat lol either lake level truth global warming hahaha
2,greenhoof blog archive tobacco climate change
1,ocean saltiness show global warming intensifying water cycle
0,senate global warming meeting hold record snow fall yes disproves global warmingif ur illiterate
0,honest shocking medium matter still using junk science 2007 ipcc repo global warming
2,focus aicle municipal level climate change policy china u peter koehn explains
1,maple syrup snow pack global warming happening stop global warming
0,another blizzard happened global warming & gt lol ask al gore
0,2 quote ackroyd 's snl anchor joy behar u ignorant slut believe global warming u mock palin ur idiot
1,kuna indian prepare relocation traditional home sink due climate change
0,climate change fraud global warming catastrophe surplus people pretending know th
0,ipcc 's latest climate change blundeo boldly go stupidity gone
0,obama 2 create new agency dealing climate change serious
1,los angeles job *ft work greenpeace stop global warming $ 12 $ 13hr*
1,dear stupid people think winter storm mean 's thing global warming 're stupid love shut
1,climate change mean arab country arab environment watch via
1,africa continent get u $ 2972 billion combat climate change developed country set
2,graham threatens pull energy bill sponsorship senator lindsey graham central architect climate change
2,climate scientist sue newspaper forpoisoningglobal warming debate
2,graham 's exit talk put climate change bill limbo climatechange bill scheduled unvei
1,government scientist suggest interagency fuzzy hub deal mass extinction brought climate change
1,global warming today blog archive tackle global way present reduce greenhous
1,global warming ocean chemistry changing faster 800000 year 's carbon
2,global warming fact myth daily green
0,brkg news un climate change panel get f scientist announces rehabilitate suing iceland volcanic eruption
1,claiming snow disproves global warming like gf w 12 strapon & claiming big dick
2,global warming james cameron genocidal maniac either james cameron genocidal maniac ' blackheae
1,global warming science good news soil release le carbon though world warms
0,pay noyup n't want government regulating something vague climate change
1,renewable energy advance ocean saltiness show global warming pulling data 16 million salinity
0,3minute eah day video fails mention global warming hoax '
1,disprove dishonest scientist & gt bet think snow disproves climate change idiot
0,bogus global warming consensus fading fast
0,make sense think agree prius disaster prof global warming n't exist
2,environment minister jairam ramesh say india suppos pachauri remaining chair intergovt climate change panel despite himalayan blunder
1,addressing global warming retrain coal worker green job
0,british public become increasingly sceptical change bbc via
2,understanding climate change 's ap
1,global climate yes still warming stop global warming
0,made number false data east coast buried snow reason keep pushing global warming control money
0,fox ca n't make stuff senate hearing global warming cancelled due 2 weather ai n't warm weather either lem tell u
2,shell 's climate change cause blogosphere meltdown
1,66 % hispanic tackling climate change ahighorvery highpriority
1,global warming hit rice production repo opalesque commodity briefing free daily update covering
2,tension set wedding ring found style fit every climate change clinical trial collagen
1,climate change migration pattern changed 20 billion bird
2,climate lindsay graham 's suppo climate change legislation changed today lindsey graham
1,farm u went organic could rest easy abt climate change 10 thing know organic farm
1,wolverine match climate change forget polar bear penguin charismatic megafauna suffering
0,effect al gore'sglobal warming
0,grrrrglobal warming butt 2nd major snowstorm within day
1,person 65 degree day weather n't even surprise anymore person global warming win
1,take action help protect wildlife habitat climate change 30
0,sign apocolypse winter evidence global warming winter brr boo brrr
0,climatechange fanatic corrupted science michael barone gopusa
2,calif trucking assn join fight suspend state 's climatechange law e & enewspm
1,state dept declares global warming unequivocal primarily humaninduced
0,turn groundhog saw shadow day 6 week winter wheres global warming people
1,video msnbc 's brewer claim heavy snowfall prof global warming
0,people r ceifiably insanethere 's freaking global warming & old crank jane fonda & rest cont
1,million protest global warming found al gore
0,blankenship mine safety regulator silly global warming
2,climate change new faith simon hogga 's week guardian guardian via
2,foe california 's global warming law pour money campaign delay
1,world changing 29 graph climate change science one place one stop shop
1,global warming make iceland 's volcano angry melting glacier around world could trigger global
1,u fish wildlife service say pika imperiled climate change obama administration determined
1,global warming threatens armenia 2c higher temperature
2,climate bill placed hold senate dispute ap ap longawaited climate change legislation put
1,china daily rich world never accept finding change till money made
2,rim winning risk managersminds climate change
0,global warming suspended due cold weather
2,people 's world referendum climate change
1,gecko 10 first step greener living seems daunting climate change carbon credit mention gecko
1,china key fixing global warming rapid expansion come sizable environmental impact world 's
0,story collapse great climate scam warming
1,cfc ban global warming 's pilot episode
0,turn groundhog saw shadow day 6 week winter wheres global warming people
0,senate global warming meeting hold record snow fall yes disproves global warmingif ur illiterate
0,barrier lack good data weather modification climate change would like see back envelope
1,california network monitor globalwarming emission
1,global warming melting away doc crop production
2,senator lindsey graham could return fold back climate change
1,rachel harris gender & climate change & renata sivacolundhu undpi un & human right au
1,according 's snowing al gore must fat something 's global climate change might want look
0,skeptic 's corner voter take global warming bit le seriously fromrasmussen repo monday april 19 2010 v
0,30 inch snow dc winter everywhere global warming yet myth persists
0,rated youtube video 5 5 star snobama dc 's 2010 snow blast obama ipcc & global warming
2,chaer assembly social movement global people 's conference climate change
1,plan b california brace climate change california lead fellow state mitigating climate change
0,exposing global warming crapola
1,since man ca n't mother nature end global warming volcano & eahquakes
0,oh well go global warming theory lol
2,democratic leader move immigration bill ahead climate change senate via
2,climate change make world smellier
1,eaah global warming stay deal
2,ga dmana2sama aja panasssohhhhglobal warming
0,mark steyn climate change scientific scandal also massive journalistic failure
1,wishing cochabamba people 's world conference climate change right mother eah
2,graham 's exit talk put climate change bill limbo
1,greennet internet computing fight climate change internet software computing via
1,vancouver winter olympics pinched climate change humanitarian news via
2,frontier repo young people & climate change unfpa
2,global warming fact myth daily green
1,interesting dc blizzard proof global warming
1,climate change place see disappeahe america photo
0,lindsay graham getting public love obama someone need tell graham climate change proven lie
0,put end stupid global warming crap ask perves explain time ice age george dick driving suv 's suppose
1,state climate bill efficiency count toward renewable mandate scaledback global warming bill would enable
0,global warming real cold editorial caoonists scientist word
1,take action help protect wildlife habitat climate change 34
2,finding right gift give wedding guest climate change clinical trial collagen clin
1,global warming today blog archive tackle global way present reduce greenhous
1,white house want church advance climate change agenda kosmosnet via
2,new school climate change panel heritage 's david kreutzer asked audience wait 3 min throwing water bottle
1,climate change affect subterranean ecosystem change ground higher concentration carbon
0,cow fa exonerated global warming al gore sigh huge relieffrom rectum
1,study se asia hit hard climate change via
0,climatechange fanatic corrupted science michael barone gopusa
1,geol society update statement humandriven climate change synching ipcc nat acad agu etc
2,climate worsening debate global warming 's university east anglia 's climate resear
0,blankenship called safety regulator silly global warming
2,scorn ridicule un global warming body
0,yo al gore 's global warming
0,nuclear winter ensue much 4 global warming ppl control planet influence
0,'s settled global warming science sloppy according last ipcc repo published 2007 55 %
1,tobacco climate changemerchants doubtundermined science via
1,repo open green tech open business model climatechange oriented technology transfer
1,cleaner air could speed global warming air pollution news
1,fighting povey global warming africa marc gunther 04212010 2210 0 comment 0 view rarely
1,warming win global warming war kiddo florida nice n't miss much think newyork 's waiting r
2,trigger number online roulette scam screaming climate change clinical trial collagen clinique cl
2,check video george carlin global warming
1,whale poo save world global warming save whale 'll save say australian scientist
1,warming win global warming war kiddo florida nice n't miss much think newyork 's waiting r
2,water war climate change thehea bolivia
0,wait global warming trendis hear anyway
1,really think snowstorm disprove change yup show idiotic
2,ask minister climate change energy election debate & lt & lt send q msg u
2,ask minister take pa online climate change energy election deba via
0,former vp al gore continue perpetuate fantasy ofmancaused global warming ' political lemming
2,going big health care democrat still plan legislation bank reform climate change immigration
1,forest growing fasterclimate change appears driving accelerated growth science daily
0,tweetdeck frozen global warming
1,take action help protect wildlife habitat climate change 32
1,atmospheric carbon dioxide causing climate change also negatively affecting marine environment ^ab
0,fabricate climate change evidence via
2,via cnnbrk graham 's exit talk put climate change bill limbo
1,mayor call londonersideas help tackle climate change via
0,see warning another 1020 snow wish girl still used 3 can aquanet per day speed global warming process
2,tv weathercasters divided global warming half believe phenomenon exists say 's scam
1,756 bad thing attributed global warming
0,scam another warmist rescued arctic cold global warming activisttranspoed
0,climatechange fanatic corrupted science michael barone gopusa
1,change good thing ask climate michael scott
1,live tonight fellow heather rogers join climate change expe james hansen discus real solution climate
0,put end stupid global warming crap ask perves explain time ice age george dick driving suv 's suppose
1,senator prepare compromise climate change bill yahoo news via
0,whiche lie distoion truth referring congressional perk global warming
1,30 major league baseball team throw curve climate change denier cleantechnica
2,nytimesandrew revkin matthew nisbet urge better communication climate change
0,towhhall column michael barone climatechange fanatic corrupted science
2,olympics organiser desperate climate change
2,montanan lobby delegation climate change
2,legislative steamrolling kathryn jean lopez april 26 bloomberg immigration climatechange legisl
2,congress worked health care climate change next
0,global warming liberalsacred cowsa secular religion
2,understanding climate change 's ap
0,global warming nutjobs sign 's going keep snowing dc al gore cry uncle
0,legislature global warming conspiracy examinercom ap photo state representative mike noelr kanab believ
1,added patrick parenteau vermont law school feb 22 webinar disclosing climate change business impact
1,attend tribeca film festival home see climate change documentary via
2,alexia park global warming hea
2,bisa ngebantu buat ngurangin global warming
2,california 's globalwarming law attack age stupid
2,pachauri face fresh call resign source time india embattled head un 's climate change panel r k
2,believe global warming al gore democratic idea influencing al gore global warming
2,new school climate change panel heritage 's david kreutzer asked audience wait 3 min throwing water bottle
0,think agree prius disaster prof global warming n't exist
2,betting climate change
1,climate change impact vulnerability eastern himalaya
0,american public remains quite uninformed regarding shabbysciencebehind manmade global warming scare
2,photo protester take valero initiative would change california 's landmark climate bill
0,'m sick hearing global warming crap 's natural thing n't exist 'd happen anyway
2,scorn ridicule un global warming body
1,vancouver winter olympics pinched climate change humanitarian news via
2,new strategy senate 's climate bill leaf global warming global warming policy longer driving compr
1,issue global warming must dealt 's time alternative energy source wo n't harm planet
0,american public remains quite uninformed regarding shabbysciencebehind manmade global warming scare
0,2 ft snow ground obama administration press conference announce global warming tracker clueless
1,alaska effect global warming pic
2,new delay senate climate change bill
1,snow consistent w global warming say scientist telegraph
1,ice ice baby get lowdown ice & climate change next series 5 question
0,n't upset volcano causing global warming
0,drspencehe illusion sensitive climate system warming change
0,seriously libs really reaching ha time mag global warming make blizzard worse
0,watchingjoseph d'aleo full interview global warming hoaxat vodpod
0,ppl ca n't think 4 'll cont 2 believe global warming even believe snow storm prove idiot malleable
2,
1,pa 1 three pa series challenge communicating climate change
2,john fugelsang climate change coal go shopping gun advocate rallied week suppo rig
0,n't think 's global warming seriously think 're headed ice age
1,volcanic ash cloud global warming may trigger volcano climate change could spark more'hazardous '
0,like newt ca n't suppo anyone give credence global warming
1,new vid climate change & indigenous people robby romero
0,climbing dark top 10 global warming myth ipcc taking real heat everyday p
0,logical analysis p niche modeling disproving global warming ii
1,wa drought isproof climate changeaap humanitarian news via
1,great thing global warming
0,'s global warming treating anyone seen al gore photo show recordbreaking snow maryland
1,yet another gift global warming increased allergy attack
0,snow blamed global warming mean global cooling mean oh know 's bull anyway
0,political talk show discus global warming science fiction
2,arizona 's immigration law climate change legislation stallingwhich issue congress focus poll
0,another dc snowstorm 's global warming
1,think allergy bad wait climate change kick michig
1,'m embarrassed live country elected official cite snowstorm proof global warming hoax
1,66 % hispanic tackling climate change ahighorvery highpriority
1,climate change long enough culture change ie harvard universityvia glen schultz
0,time attack soft underbelly unsubstantiated global warming alarmism
1,eah day resource coping climate change
2,intl news climate deal year say un climate change chief prospect htt
1,lovely another foot global warming coming way weekend
2,initiative campaign suspend global warming law ab32 repos $ 973k raised $ 500k oil comp valero
2,climate change bill stall amid epic immigration soie
2,trigger number online roulette scam screaming climate change clinical trial collagen clinique cl
1,u glacier response climate change complex impact via
0,27 global warming fell home 8 mile south washington dc arm & hand sore shoveling hus tweet
2,change film festival demand
0,lindsay graham getting public love obama someone need tell graham climate change proven lie
1,water core climate change impact un expes reuters humanitarian news via
1,love seeing ice chunk east river 's like little eah fighting global warming tooth nail
2,malthusian prophet backing climate change latimescom via
0,clearly disproving global warming 's going keep snowing dc al gore cry uncle
2,global warming play decide info & discussion game structured discussion three stage global
0,someone try tax cut & ignore climate change approach economic growth history say ca n't fail
2,skirmish renewed un global warming conference climate talk nearly ground halt began
1,third farmer hit climate change 23042010 farmer weekly via
2,global warmingwe available facebook twitter orkut & edinwe recently got interviewed rohini 935 red fm
2,foe california 's global warming law pour money campaign delay
0,trust scientist global warming didnt know pluto wasnt fucking planet
1,snow winter disproves global warming hot day summer prove
1,invasive news invasive specie thriving period climate change world sentinel invasive specie thriving
0,20 snow ok 's everyone go buy aerosol go outside sta spraying 'm cheering global warming
0,sign apocolypse winter evidence global warming winter brr boo brrr
0,finally proof global warming co2 emission hoax familysecuritymattersorg
0,global warming busted president
2,sec 's new interpretive guidance open door climate change disclosure suit
1,reading allergy worse ever blame global warming
2,new federal climate change agency proposed
0,proof 's climate change 75ft killer tsunami created peruvian lake glacier fracture & fall lake
1,mountain v valley temp stretch apa climate change
1,ethiopia climate change increasing povey vulnerability
1,cquestor carbon market climate change news letter
2,science another religion pt1 warming change
0,majority disbelieve manmade global warming propaganda via
0,put end stupid global warming crap ask perves explain time ice age george dick driving suv 's suppose
1,climate change causing change ocean chemistry unprecedented rate
2,democratic leader move immigration bill ahead climate change senate priority washington ap senate
0,global warming plot coloradoans get oceanfront propey without moving
0,great global warming collapse via al gore rest chicken little crowd need punishment
2,dear people side global warming debate 's coldhotsnowydry x day n't provedisprove anything
0,scientific community scamed global green gov warming scam
1,rather amused climate change denier wryly refer snow asglobal warming 're bit closer mark think
1,intel threat assessment climate change compare09 to10 surprisingly interesting
2,india need research climate change shyam saran via
1,tulip midapril chicago love global warming
2,epa make case climate change
2,photo protester take valero initiative would change california 's landmark climate bill
1,key fixing global warming china energy secretary steven chu want change way people think
1,climate change long enough culture change ie harvard universityvia glen schultz
2,tip adopting canine screaming climate change clinical trial collagen clinique clip cl
0,great global warming collapse
0,computer forensics expes still idiot belive global warming true
0,obama new hitler campus disappointment 'll graduate believing global warming & unemployed get clue
2,people 's world conference climate change week april 1922 7500 people 100 country
0,cambio climtico poblacin global warming skepticism finally made latin america
2,brilliant tip valentine 's day screaming climate change clinical trial collagen clinique clip
1,fight climate change front 4
2,good infoeasy read ir pro read sec climate change disclosure release guidance
2,n't cruel 's effect al gore 's global warming
2,un climate change body blasted greenpeace
2,gawker logic repo lindsey graham 's climate change bill flipflop polidicks
1,daniel c esty climate change plan b bringing greenhouse gas emission cap trade system tr
0,someone go tell climate change crowd go hang read
2,state antiglobal warming bill probably dead
0,great global warming collapse via al gore rest chicken little crowd need punishment
1,namibia govt get active climate change
2,getting hot water evangelicals global warming benjamin b phillips since 2000 various evangelical gr
0,tweetdeck frozen global warming
0,freezing still southern california global warming fanatic come visit wear hat glove jacket
2,press release april 2010 climate change negotiator agree intensified
1,sec want climate risk disclosed analysis & opinion reuters sec see climate change risk im
1,brad delong 's prescription battling climate change economics blogger bradford j delong posted plea
1,must see place disappear europepics global warming prediction prove true foll
1,global warming update
1,yeha $ 50million climate change orgs budget best spent adveising instead knowfighting climate chng
2,senate dispute put climate legislation hold associated press washington longawaited climate change
0,political talk show discus global warming science fiction
2,dr michael mann cleared tweaking change data second inquiry way
2,science scientist explore evolution climate change
2,removal mole screaming climate change clinical trial collagen clinique clip
2,2 round climate change talk hosted un summit mexico
2,graham 's exit talk put climate change bill limbo
2,aic sea ice repos believe warming change
0,plz & sean hannity snow storm contradict climate change
1,spill + coal mine tragedy = need alt energy gulf coast spill better give climate change legislation momentum
2,immigration reform climate change tale two issue senate
2,global warming science noaa climate service obamas answer ipcc
1,effect organic farming climate change organic eah
0,agree lawmaker climate change ruse control population
2,'s luntzclimate change memo
0,think agree prius disaster prof global warming n't exist via
2,graham 's exit put climate change bill limbo
0,great global warming collapse
2,webb tout global warming depament little rock arkansas lawmaker authored legislation created
0,climate change loser bad better dumb buyer
2,rudd versus abbott climate change 's difference crikey
2,watching & gt & gt sting wife talk cnn climate change
2,uiy climate bill placed hold senate dispute ap ap longawaited climate change legislation
1,climate change u tree colorado dying enough water calif hurricane katrina act man
0,oops rfk jr 15 month ago global warming mean snow cold dc
2,thr climate bill give polluter nuclear break washington reuters u climate change bill expected
1,reversing forest decline combat climate change
1,global warming retreat except california 's government state air board wisdom continues advanc
1,climate changeing allergy nrdc
1,watch video climate change threatens sacred tibetan mountain including land known shangrila
2,state 's global warming bill may vote pas madison wi wtaq might enough vote
0,washington dc take snow day global warming n't think
2,new york timesandrew revkin au 's matthew nisbet urge better communication climate change
2,new blog post mandating energy benchmarking next step city addressing change
0,tweetdeck frozen global warming
2,science another religion pt1 warming change
1,love burn hotter global warming killing eah
1,new fact suppo global warming case recent letterwriter charles kesner either outoftouch reliable ne
0,medium matter still using junk science 2007 ipcc repo global warming
1,climate change scientist turn inuit research via
1,un battle povey global warming newkeralacom online news un battle povey global warming new
1,gingrich defends global warming commercial pelosi
1,cool global warming bad enough without heating thing interest honest discussion
1,bat bird lizard fight climate change bird bat lizard may play impoant role eah 's cl
0,saying n't gore wo n't give global warming gig still think invented internet
0,talk climate met offer useful note realism climate change headsand need change head
2,12 % american worried global warming epa make case climate change
0,first global cooling global warming 's climate change aka weather simple
1,climate change theory long predicted increased ocean temp would lead sever storm
2,simple tip shopping grooved tungsten ring online climate change clinical trial collagen c
0,comedian joked n't know global warming manmade know global warming data manmade
0,according time mag blizzard result man made global warming got ta love
2,change film festival demand
2,declaration woman asia climate change
2,global warming tube explanation enjoy
0,nice reasonable challenge global warming hype
0,global warming anyone would found would havent looked yet
2,funny timely oil spill gulf new az law pushed climate change bill away drawn foh immigration reform
1,epa issue repo u climate change indicator warming measurable effect across ecosystem
0,legislature global warming conspiracy examinercom ap photo state representative mike noelr kanab believ
0,climbing dark top 10 global warming myth ipcc taking real heat everyday p
0,give egore 's climate groupie time2 come hair brained excuse ing man made global warming snow
0,snow blamed global warming mean global cooling mean oh know 's bull anyway
2,tornado global warming hurricane
2,professor klaus lauckner climate change panel april 22
0,good question time another blizzard 's global warming
2,tory candidate wo n't sign climate change new politics left foot fo via
2,declaration woman asia climate change
0,purpose int ' l cous 2 prosecute crime humanity everyone behind global warming fraud belongs cou
2,federal climate change forecasting agency launched
0,house committee seek keep global warming law utah utah lawmaker want send strong message
2,forest connection international climate change discussion continue ci 's leader paners explain
0,winter proof god sense humor expense climate change worshiper
1,signed petition take action climate change via
1,global warming bill blocking epa authority curb global warming pollution
0,obama new hitler campus disappointment 'll graduate believing global warming & unemployed get clue
0,overwhelming evidence global warming falling sky dc & gt live
0,geoengineering inevitable playing god false pretense climate change
0,global warmingclimate change folk switch message fighting pollution
1,krugman make case cap trade climate change building green economy nytimescom
1,nine awesome way fun going green cooler planetsure global warming alarming serious con
2,climate change legislation dead 2010
2,un climate head pressure quit source australian head un 's climate change body
1,save whale 'll save u global warming
0,dhs cite global warming security threat um worry le temp planet temp terrorist undies
1,global warming science good news soil release le carbon though world warms
0,green worse child abuser global warming swindle
2,senator prepare compromise climate change bill reuters
2,nytimesandrew revkin matthew nisbet urge better communication climate change
0,'re one 10 thousand without power blizzard voted global warming dipshit 'm glad 're fd
1,taking lead change
1,walk april 26th 1pm climate change ca n't wait see action consumer take
1,global warming world black people coal mine
1,porous material reduce climate change
1,cleaner air could speed global warming
0,studied eah science undergrad & grad student proven science fact open debate like global warming
0,whiche lie distoion truth referring congressional perk global warming
0,climatechange fanatic corrupted science michael barone gopusa via
2,dollar sense climate change
0,thanks global warming snowstorm e coast blizzard tied climate change via
0,global warming anyone would found would havent looked yet
0,want play golf tomorrow think global warming wo n't let remains cold houston
0,global warming anyone would found would havent looked yet
1,science whale fight global warming
0,40 degree nyc please urinate next liberal global warming climate change scum see
1,latest weapon global warming fight greencement made rice fiona macleod ruairi creaney scienti
2,backing climate change
1,ol news ocean reveal fuher impact climate change
2,climate top coal exec testify global warming panel
2,
0,tax n't mind paying 's tax funding climate change research bother 's really useful
1,view newest blow global warming theory rush impose draconian regulation fight global warmi
0,man made global warming hair brained theory 4 scientifically challenged ippc nothing back claim
0,global warming alarmist meet record snowfall record snowfall meet global warming alarmist
2,india set panel climate change amid controversy un repo melting himalayan glacier
0,major study global warming graph junk science
1,un accelerated migration climate change arecipe social disastervia
1,whale poo save world global warming save whale 'll save say australian scientist
0,watchingjoseph d'aleo full interview global warming hoaxat vodpod
0,global warming huh lied al gore duped
0,global warming nutjobs sign 's going keep snowing dc al gore cry uncle
0,im still snowing dear al gore bite oh wait claimign caused climate change right as
2,way difficult economy helped people focus family climate change clinical trial collagen
2,brilliant tip valentine 's day screaming climate change clinical trial collagen clinique clip
1,climate change climate life treehugger via
0,great global warming collapse
0,cambio climtico poblacin global warming skepticism finally made latin america
0,global warming activist snowmageddon result warming+moisture asked snow king syracuse ny snow reply uh
1,actress q'orianka kilcher climate change activism public figure celebrity responsibility help
0,weather channel founder want sue al gore global warming fraud
1,addressing global warming retrain coal worker green job
0,climate change ruse unravels
2,immigration reform climate change tale two issue senate
2,'s global warming
0,claiming climate change man made effect life dont change way complete bullshit tree hugger harm u
0,global warming plot coloradoans get oceanfront propey without moving
0,first global cooling global warming 's climate change aka weather simple
2,global warming new ombudsman eurasia review sonali huria ipcs global warming purpoedly put
0,quick al gore say something obama need distraction tell u world going end cause global warming
2,thr climate bill give polluter nuclear break washington reuters u climate change bill expected
1,climate denial crock week 's cold 's climate change
0,turn groundhog saw shadow day 6 week winter wheres global warming people
2,cochabamba water war climate change
1,economics must align climate change
2,church climate change yuval levin president bush created faithbased office white h
2,global warming play decide info & discussion game structured discussion three stage global
1,global warming make tree grow faster
1,everyone think disproves global warming ur wrong
2,new federal climate change agency proposed
0,another snowstorm happened global warming bryan walsh wednesday feb 10 2010 alex brandon ap
2,fat loss program screaming climate change clinical trial collagen clinique clip clothes clo
1,homeimprovement project consider larger home eah help stop global warming check
0,new hannity snow stormscontradict gore 's global warming theory
1,claiming snow disproves global warming like gf w 12 strapon & claiming big dick
0,give egore 's climate groupie time2 come hair brained excuse ing man made global warming snow
2,usa sec issue guidance climate change disclosure
2,epa make case climate change
0,tweetdeck frozen global warming
2,people often finding waiting long line climate change clinical trial collage
0,omg al gore forgot tell mother nature ca n't blizzard global warming occurring
1,global warming make allergy worse 25 million american hitting asthma hardest wwf climatewire
2,diplomacy sec clinton admitted u funding change may additional
2,climate bill give polluter nuclear break washington reuters u climate change bill expected
0,'s climate change bogus global warming consensus fading fast
0,blankenship mine safety regulator silly global warming
2,american dont give **** global warming survey say retail investor city u fe
1,addressing global warming retrain coal worker green job perfect storm factor massing con
0,hmmm global warming fraud
0,horner challenge climate change data much current global warming theory based distoions scientific
2,american dont give **** global warming survey say retail investor city u fe
1,take climate change seriously & business hold responsible impact learn
2,tv weathercasters divided global warming half believe phenomenon exists say 's scam
1,global warming likely cause australia 's drought australia 's longstanding drought likely arises global wa
1,un accelerated migration climate change arecipe social disastervia
1,guess need stop saying global warming & replace w climate crisis repub 's sake gw sho circuit brain
2,virginia investigate global warming scientist mann
0,said day ago sta seeing much tempered repoing global warming staing w
1,alaska effect global warming pic
1,fox news al gore 's book global warming snow one straight news show
1,tobacco climate changemerchants doubtundermined science via
1,krugman make case cap trade climate change building green economy nytimescom
1,need know climate change via
1,government repo say global warming may cause cancer mental illness cnsnewscom
2,call global warming studiessnake oil
0,global warming going dc office hope 're nice toastyoh wait scam thnx
1,explorer discus global warming renowned polar explorer adventurer steger present free program
0,bogus global warming consensus fading fast
2,india want global warming saying trust un
1,reference frame global warming cause snowstorm dc
2,rb face climate change protest business guardiancouk via
0,climate change regulation stupid thought & waste time disproved one initiated hypothosys idiot
0,medium matter still using junk science 2007 ipcc repo global warming
1,2010 leadership summit highlight role biotechnology innovation reducing climate change emission
1,'s hot seattle take junk mail industry come curbing climate change thing easi
2,climate change legislation dead 2010
1,climate change = snowstorm
2,going big health care democrat still plan legislation bank reform climate change immigration
0,scam another warmist rescued arctic cold global warming activisttranspoed
1,global warming killing canadian wolverine
0,al gore arrested global warming scam much al take $ $ $ $ $ $ $ $ $ $ forget snow ball hit shovel
1,climate change mk world fragrant warming temperature mk plant release chems via
2,& change immigrant voice know
0,medium matter still using junk science 2007 ipcc repo global warming
0,winter likely put dagger hea global warming cause rightwing republican put together
1,geol society update statement humandriven climate change synching ipcc nat acad agu etc
2,immigration reform climate change tale two issue senate
1,oddball winter weather ed global warming check story *****homepage
1,suppo world people 's conf climate change cochabambaboliviawatch live
2,tension set wedding ring found style fit every climate change clinical trial collagen
2,warming calif program delayed job initiative n't misled
1,right richard branson 's message 2 biz get ur house orderfight global warming
1,royal society stunner hazardous geosphere activity global warming ed period exceptional climate chan
1,q focus energy climate change immigration via
2,think man control global warming racist
0,utah state representative claim climate change aconspiracyaimed population control
0,exposing global warming crapola
1,cochabamba summit offer new approach combating climate change
2,climate change bill limbo following white house push immigration reform bill dead e
0,im still snowing dear al gore bite oh wait claimign caused climate change right as
1,counting world people 's conf change 1922 april watch live
1,know way help stop global warming global warming
2,comedian jokedwe n't know global warming manmade know global warming data manmade
0,climate change global hoax
0,think agree prius disaster prof global warming n't exist via
0,global warming hysteria presumes 3 thing 1 exists 2 manmade 3 bad 3 must true winter may prove 3 false
2,sharifkouddous indigenous group across bolivia arriving world people 's conference climate change
2,video larry brilliant volcano climate change boing boing via
0,bogus global warming consensus fading fast
0,climate change regulation stupid thought & waste time disproved one initiated hypothosys idiot
0,americablog news rightwingers already claiming blizzard prof climate change via
2,global warming fiction fact denier claim either global warming due
1,climate change acidification threaten 82 type coral
2,paul rogat loebsoul citizen ' jesus climate change journey evangelical leader rich cizik
0,global warming
0,blankenship call effos mine safety regulationas silly global warming ' labor day antiunion
0,green worse child abuser global warming swindle
2,bbc news election 2010 pay battle climate change via
0,rich galen global warming another dc snow job blizzard
2,climate top coal exec testify global warming panel
1,really think snowstorm disprove change yup show idiotic
2,actual provide utilizing automatic global trade swapping climate change clinical trial collage
2,pm 's stand copenhagen snub un climate change secretariat india time india via
2,legislative steamrolling kathryn jean lopez april 26 bloomberg immigration climatechange legisl
1,california network monitor globalwarming emission
2,global warming science fair test
0,make sense think agree prius disaster prof global warming n't exist
2,olympic organiser desperate climate change humanitarian news via
1,arctic beauty black white alaska effect global warming slide show
1,anchor rising environmental mandate rhode island may take another step toward addressing climate change issu
2,tension set wedding ring found style fit every climate change clinical trial collagen
1,global warming movement n't require credibility 's based science denial lack weight
0,hmm 's february 30 snow dc sun shining grass chicago global warming karma
1,check cost climate change
1,estimated 20 billion bird changed migrating habit last decade due global warming
0,im still snowing dear al gore bite oh wait claimign caused climate change right as
0,snow trending al gore expe global warming lately want 2 hear 2 say record breaking snow fall
2,brandrep asa dismisses complaint dft climate change ad london adveising standard authority
1,gop pollster frank luntz counseled bush buy science global warming changing view
1,climate change impact vulnerability eastern himalaya indigpplsrsrcs
0,scam scam scam eu parliament member rip global warming hysteria
2,check video george carlin global warming
1,pulitzer prize author brings global warming light chelsea dr henry pollack professor emeritus
2,obama id hire gore climate change p
1,'s 83 climbing nyc august weather first day may unbelievable chalk global warming
1,cochabamba summit offer new approach combating climate change
2,global warming new ombudsman eurasia review sonali huria ipcs global warming purpoedly put
2,water war climate change thehea bolivia
2,global warming fiction fact denier claim either global warming due
2,india need research climate change shyam saran via
1,pat mooney danger geoengineering manipulating planet combat climate change
0,'s settled global warming science sloppy according last ipcc repo published 2007 55 %
0,climatechange fanatic corrupted science michael barone gopusa
1,photo dare someone tell u climate change n't real
1,global warming repo urge government act brussels belgium ap world face increased hunger
2,whale excrement check global warming topnews united state new researcher carried australian antarc
2,kindling controversy hansen mckibben revkin & lomborg climate change guru met nyc 8pm thurs 42910
0,rich galen global warming another dc snow job blizzard
0,good question time another blizzard 's global warming
1,global warming contributes rapidly increased ocean acidification u national research council warned last
2,hilarious complimenti baked alakasa sarah palin 's guide global warming
0,british public become increasingly sceptical change bbc via
2,california 's global warming law halted focus job
1,global climate yes 's still warming treehugger brian merchant brooklyn new york 02 410 many
1,one proposed solution global warming grow large number tree global warming solution
1,royal society stunner hazardous geosphere activity global warming ed period exceptional climate chan
1,climate change know frightened nuclear power know least frightened various
2,tv weathercasters divided global warming thought
2,senator prepare compromise climate change bill yahoo news
0,global warming busted president
2,climate change initiative
2,brandrep asa dismisses complaint dft climate change ad london adveising standard authority
2,tale 2 issue immigration reform getting traction climate change senate
1,global warming make blizzard worse
0,time investigate socialist democrat political manipulation global warming data fine jail time follow
2,rim winning risk managersminds climate change
1,china key fixing global warming rapid expansion come sizable environmental impact world 's
0,oops rfk jr 15 month ago global warming mean snow cold dc
2,immigration climate change via
2,virginia 's governor believe global warming
0,hmmm global warming fraud
0,tax n't mind paying 's tax funding climate change research bother 's really useful
0,global warming kinda blizzardy
2,abc label pachauri leading global warming scientist
1,despite sceptic climate change must remain priority editorial comment free via
1,gregory unruh oven dial light switch carbon lockin abrupt climate change well decade ago bec
1,global warming pounding east coast snow n't ask work 'm repoing
1,bat bird lizard fight climate change bird bat lizard may play impoant role eah 's cl
0,climate change ruse unravels
0,al gore preached climate change wanted u 2 care said & done evidence n't
0,people knew =p next thing 're going blame global warming dihydrogen monoxide
0,excellent aicle fellow former liberal global warming cultism
1,engaging climate change sceptic rational discussion science giving fruitcake fieldday
0,global warming rebecca terrell newamericancom
2,india form new climate change body
2,exaggerated climate change claim causing backlash debunked
1,climate change affect subterranean ecosystem change ground higher concentration carbon
1,fighting povey global warming africa marc gunther 04212010 2210 0 comment 0 view rarely
2,climate change research bungle telegraph via
1,10 thing reduce global warming _
2,hill online yesterday record snowfall buried washington & along w buried chance passing global warming legislation yr
2,comedian jokedwe n't know global warming manmade know global warming data manmade
2,global warming denier take note according bon jovi tour ad summer got hotter
2,usa sec issue guidance climate change disclosure
0,global warming hysteria another false claim exposed ipcc repo
1,cfc ban global warming 's pilot episode
0,global warming
2,internet dating screaming climate change clinical trial collagen clinique clip clothes clot
2,senate global warming hearing cancelled
0,1420 fml sorry htink im going team plain global warming exist
0,exposing global warming crapola
1,carbon age killing u climate change legislation
0,serious question environmentalist still blame human climate change volcano
0,blankenship mine safety regulator silly global warming
1,un global cooperation prevent runaway climate change secretary united nation seek dialogue
1,climate change threatening glacier national park montana 's economy examinercom
2,obama id hire gore climate change p
1,global warming impact wheat rice production india ludhiana apr 18 scarcity water serious
2,foe california 's global warming law pour money campaign delay
1,river delta need back disaster hit video change
0,climate change ruse unravels
1,enviro european space agency launch satellite check climate change see blastoff= & gt
1,join meg caldwell tonight open talk coastal community & climate change california colloquium water
0,eddriscoll time admit climate change conservative conspiracy keep
0,human causing global warming ice cap ice cap indeed melting mar
0,senate global warming meeting hold record snow fall yes disproves global warmingif ur illiterate
0,scientific community scamed global green gov warming scam
1,heard interesting repo repo understanding climate changeclimate variability influence human evolution dispersal
1,global warming navy radar new normal arctic completely frozen new normal
1,climate change could raise cost u allergy reuters
1,'s climate change day today ask climate question via
1,tend think climate change result process
0,fuck mani biggest suppoehen let rain like noah arkfuck theory global warming
2,abc offer serious look global warming skeptic downplays climategate
1,global warming dent 's el ni ' 's protective shield atlantic hurricane increase drought
1,could cleaner air actually intensify global warming npr staff much world marked eah day past w
0,3minute eah day video fails mention global warming hoax '
1,clean air polluted community also addressing change
1,climate change culprit offthechas pollen count
0,30000 antiglobal warming scientist ca n't wrong stranger nature magazine academic journal int
1,cochabama people world conference climate change mother eah 's right
2,**pls smile ok** climate change human health studied bethesda md april 22 upi u national insti
0,man made climate crisis global warming hoax global warming
0,mmr doctor andrew wakefield fixed data autism time online sound like global warming hoax
0,global warming soo bad coolest summer ever
1,tennis great star billie jean king encourages everyone take mass transit great way help fight climate change
1,invasive news invasive specie thriving period climate change world sentinel invasive specie thriving
2,minister coal step climate change action
1,global warming believe vallejo timesherald editorial global warming keeping debate honest
1,global climate yes still warming climate scientist
0,al gore preached climate change wanted u care said & done evidence n't
0,saying n't gore wo n't give global warming gig still think invented internet
0,dc 's freezing cold really bad & storming bet folk could really use al gore 's global warming
2,un climate bos defends record rajendra pachauri embattled chairman un climate change panel lashed
2,climate lindsay graham 's suppo climate change legislation changed today lindsey graham
1,southern africa competing limpopo water climate change bring higher temperature southe
0,bogus global warming consensus fading fast margaret wente toronto 's globe mail explains w
2,33 u military general admiral climate change threatening
1,estimated 20 billion bird changed migrating habit last decade due global warming
2,climate bill placed hold senate dispute washington longawaited climate change legislation put
2,webb tout global warming depament little rock arkansas lawmaker authored legislation created
0,skeptic 's corner voter take global warming bit le seriously fromrasmussen repo monday april 19 2010 v
0,obama creates noaa climate serviceto help government & business adapt climate changeit obama life another planet
2,tale 2 issue immigration reform getting traction climate change senate ht
2,choice wont change world one might
1,flake global warming denier use massive snowstorm ammo
2,best core exercise plankback extension gaiam blog affirmation burncalories change climate change diet energy
0,global warmingclimate change folk switch message fighting pollution
2,third american believe global warming humancaused bob elli april 26th 2010 good news



